{"cameraMode":{"drawMode":0,"name":"Shaded","section":"Shading Mode"},"sceneLighting":true,"audioPlay":false,"sceneViewState":{"m_AlwaysRefresh":false,"showFog":true,"showSkybox":true,"showFlares":true,"showImageEffects":true,"showParticleSystems":true,"showVisualEffectGraphs":true,"m_FxEnabled":true},"in2DMode":false,"pivot":{"x":28.79156494140625,"y":10.082758903503418,"z":5.787365436553955},"rotation":{"x":0.19631655514240266,"y":-0.7646440267562866,"z":0.27296000719070437,"w":0.5498456358909607},"size":2.6184048652648927,"orthographic":false}